supplier,scenario,rts,optimised_criterion,price,late,error,lead,quality
A,balanced_improvement,CCR,price,1.34,3.0,8.0,5.0,-0.6794
A,balanced_improvement,CCR,late,1.34,3.0,8.0,5.0,-0.6794
A,balanced_improvement,CCR,error,1.34,3.0,8.0,5.0,-0.6794
A,balanced_improvement,CCR,lead,1.34,3.0,8.0,5.0,-0.6794
A,balanced_improvement,CCR,quality,1.34,3.0,8.0,5.0,-0.6794
A,balanced_improvement,CCR,ideal,1.34,3.0,8.0,5.0,-0.6794
A,balanced_improvement,CCR,nadir,1.34,3.0,8.0,5.0,-0.6794
A,cost_led_development,CCR,price,1.34,3.0,8.0,5.0,-0.6794
A,cost_led_development,CCR,late,1.34,3.0,8.0,5.0,-0.6794
A,cost_led_development,CCR,error,1.34,3.0,8.0,5.0,-0.6794
A,cost_led_development,CCR,lead,1.34,3.0,8.0,5.0,-0.6794
A,cost_led_development,CCR,quality,1.34,3.0,8.0,5.0,-0.6794
A,cost_led_development,CCR,ideal,1.34,3.0,8.0,5.0,-0.6794
A,cost_led_development,CCR,nadir,1.34,3.0,8.0,5.0,-0.6794
A,delivery_reliability_led,CCR,price,1.34,3.0,8.0,5.0,-0.6794
A,delivery_reliability_led,CCR,late,1.34,3.0,8.0,5.0,-0.6794
A,delivery_reliability_led,CCR,error,1.34,3.0,8.0,5.0,-0.6794
A,delivery_reliability_led,CCR,lead,1.34,3.0,8.0,5.0,-0.6794
A,delivery_reliability_led,CCR,quality,1.34,3.0,8.0,5.0,-0.6794
A,delivery_reliability_led,CCR,ideal,1.34,3.0,8.0,5.0,-0.6794
A,delivery_reliability_led,CCR,nadir,1.34,3.0,8.0,5.0,-0.6794
A,product_quality_led,CCR,price,1.34,3.0,8.0,5.0,-0.6794
A,product_quality_led,CCR,late,1.34,3.0,8.0,5.0,-0.6794
A,product_quality_led,CCR,error,1.34,3.0,8.0,5.0,-0.6794
A,product_quality_led,CCR,lead,1.34,3.0,8.0,5.0,-0.6794
A,product_quality_led,CCR,quality,1.34,3.0,8.0,5.0,-0.6794
A,product_quality_led,CCR,ideal,1.34,3.0,8.0,5.0,-0.6794
A,product_quality_led,CCR,nadir,1.34,3.0,8.0,5.0,-0.6794
B,balanced_improvement,CCR,price,1.44,5.0,4.0,4.0,-0.6285
B,balanced_improvement,CCR,late,1.44,5.0,4.0,4.0,-0.6285
B,balanced_improvement,CCR,error,1.44,5.0,4.0,4.0,-0.6285
B,balanced_improvement,CCR,lead,1.44,5.0,4.0,4.0,-0.6285
B,balanced_improvement,CCR,quality,1.44,5.0,4.0,4.0,-0.6285
B,balanced_improvement,CCR,ideal,1.44,5.0,4.0,4.0,-0.6285
B,balanced_improvement,CCR,nadir,1.44,5.0,4.0,4.0,-0.6285
B,cost_led_development,CCR,price,1.44,5.0,4.0,4.0,-0.6285
B,cost_led_development,CCR,late,1.44,5.0,4.0,4.0,-0.6285
B,cost_led_development,CCR,error,1.44,5.0,4.0,4.0,-0.6285
B,cost_led_development,CCR,lead,1.44,5.0,4.0,4.0,-0.6285
B,cost_led_development,CCR,quality,1.44,5.0,4.0,4.0,-0.6285
B,cost_led_development,CCR,ideal,1.44,5.0,4.0,4.0,-0.6285
B,cost_led_development,CCR,nadir,1.44,5.0,4.0,4.0,-0.6285
B,delivery_reliability_led,CCR,price,1.44,5.0,4.0,4.0,-0.6285
B,delivery_reliability_led,CCR,late,1.44,5.0,4.0,4.0,-0.6285
B,delivery_reliability_led,CCR,error,1.44,5.0,4.0,4.0,-0.6285
B,delivery_reliability_led,CCR,lead,1.44,5.0,4.0,4.0,-0.6285
B,delivery_reliability_led,CCR,quality,1.44,5.0,4.0,4.0,-0.6285
B,delivery_reliability_led,CCR,ideal,1.44,5.0,4.0,4.0,-0.6285
B,delivery_reliability_led,CCR,nadir,1.44,5.0,4.0,4.0,-0.6285
B,product_quality_led,CCR,price,1.44,5.0,4.0,4.0,-0.6285
B,product_quality_led,CCR,late,1.44,5.0,4.0,4.0,-0.6285
B,product_quality_led,CCR,error,1.44,5.0,4.0,4.0,-0.6285
B,product_quality_led,CCR,lead,1.44,5.0,4.0,4.0,-0.6285
B,product_quality_led,CCR,quality,1.44,5.0,4.0,4.0,-0.6285
B,product_quality_led,CCR,ideal,1.44,5.0,4.0,4.0,-0.6285
B,product_quality_led,CCR,nadir,1.44,5.0,4.0,4.0,-0.6285
G,balanced_improvement,CCR,price,1.34,1.0,3.0,2.0,-0.1073
G,balanced_improvement,CCR,late,1.34,1.0,3.0,2.0,-0.1073
G,balanced_improvement,CCR,error,1.34,1.0,3.0,2.0,-0.1073
G,balanced_improvement,CCR,lead,1.34,1.0,3.0,2.0,-0.1073
G,balanced_improvement,CCR,quality,1.34,1.0,3.0,2.0,-0.1073
G,balanced_improvement,CCR,ideal,1.34,1.0,3.0,2.0,-0.1073
G,balanced_improvement,CCR,nadir,1.34,1.0,3.0,2.0,-0.1073
G,cost_led_development,CCR,price,1.34,1.0,3.0,2.0,-0.1073
G,cost_led_development,CCR,late,1.34,1.0,3.0,2.0,-0.1073
G,cost_led_development,CCR,error,1.34,1.0,3.0,2.0,-0.1073
G,cost_led_development,CCR,lead,1.34,1.0,3.0,2.0,-0.1073
G,cost_led_development,CCR,quality,1.34,1.0,3.0,2.0,-0.1073
G,cost_led_development,CCR,ideal,1.34,1.0,3.0,2.0,-0.1073
G,cost_led_development,CCR,nadir,1.34,1.0,3.0,2.0,-0.1073
G,delivery_reliability_led,CCR,price,1.34,1.0,3.0,2.0,-0.1073
G,delivery_reliability_led,CCR,late,1.34,1.0,3.0,2.0,-0.1073
G,delivery_reliability_led,CCR,error,1.34,1.0,3.0,2.0,-0.1073
G,delivery_reliability_led,CCR,lead,1.34,1.0,3.0,2.0,-0.1073
G,delivery_reliability_led,CCR,quality,1.34,1.0,3.0,2.0,-0.1073
G,delivery_reliability_led,CCR,ideal,1.34,1.0,3.0,2.0,-0.1073
G,delivery_reliability_led,CCR,nadir,1.34,1.0,3.0,2.0,-0.1073
G,product_quality_led,CCR,price,1.34,1.0,3.0,2.0,-0.1073
G,product_quality_led,CCR,late,1.34,1.0,3.0,2.0,-0.1073
G,product_quality_led,CCR,error,1.34,1.0,3.0,2.0,-0.1073
G,product_quality_led,CCR,lead,1.34,1.0,3.0,2.0,-0.1073
G,product_quality_led,CCR,quality,1.34,1.0,3.0,2.0,-0.1073
G,product_quality_led,CCR,ideal,1.34,1.0,3.0,2.0,-0.1073
G,product_quality_led,CCR,nadir,1.34,1.0,3.0,2.0,-0.1073
H,balanced_improvement,CCR,price,5.1,2.0,3.0,3.0,-0.7671
H,balanced_improvement,CCR,late,5.1,2.0,3.0,3.0,-0.7671
H,balanced_improvement,CCR,error,5.1,2.0,3.0,3.0,-0.7671
H,balanced_improvement,CCR,lead,5.1,2.0,3.0,3.0,-0.7671
H,balanced_improvement,CCR,quality,5.1,2.0,3.0,3.0,-0.7671
H,balanced_improvement,CCR,ideal,5.1,2.0,3.0,3.0,-0.7671
H,balanced_improvement,CCR,nadir,5.1,2.0,3.0,3.0,-0.7671
H,cost_led_development,CCR,price,5.1,2.0,3.0,3.0,-0.7671
H,cost_led_development,CCR,late,5.1,2.0,3.0,3.0,-0.7671
H,cost_led_development,CCR,error,5.1,2.0,3.0,3.0,-0.7671
H,cost_led_development,CCR,lead,5.1,2.0,3.0,3.0,-0.7671
H,cost_led_development,CCR,quality,5.1,2.0,3.0,3.0,-0.7671
H,cost_led_development,CCR,ideal,5.1,2.0,3.0,3.0,-0.7671
H,cost_led_development,CCR,nadir,5.1,2.0,3.0,3.0,-0.7671
H,delivery_reliability_led,CCR,price,5.1,2.0,3.0,3.0,-0.7671
H,delivery_reliability_led,CCR,late,5.1,2.0,3.0,3.0,-0.7671
H,delivery_reliability_led,CCR,error,5.1,2.0,3.0,3.0,-0.7671
H,delivery_reliability_led,CCR,lead,5.1,2.0,3.0,3.0,-0.7671
H,delivery_reliability_led,CCR,quality,5.1,2.0,3.0,3.0,-0.7671
H,delivery_reliability_led,CCR,ideal,5.1,2.0,3.0,3.0,-0.7671
H,delivery_reliability_led,CCR,nadir,5.1,2.0,3.0,3.0,-0.7671
H,product_quality_led,CCR,price,5.1,2.0,3.0,3.0,-0.7671
H,product_quality_led,CCR,late,5.1,2.0,3.0,3.0,-0.7671
H,product_quality_led,CCR,error,5.1,2.0,3.0,3.0,-0.7671
H,product_quality_led,CCR,lead,5.1,2.0,3.0,3.0,-0.7671
H,product_quality_led,CCR,quality,5.1,2.0,3.0,3.0,-0.7671
H,product_quality_led,CCR,ideal,5.1,2.0,3.0,3.0,-0.7671
H,product_quality_led,CCR,nadir,5.1,2.0,3.0,3.0,-0.7671
I,balanced_improvement,CCR,price,1.4,1.0,3.0,4.0,-0.3522
I,balanced_improvement,CCR,late,1.4,1.0,3.0,4.0,-0.3522
I,balanced_improvement,CCR,error,1.4,1.0,3.0,4.0,-0.3522
I,balanced_improvement,CCR,lead,1.4,1.0,3.0,4.0,-0.3522
I,balanced_improvement,CCR,quality,1.4,1.0,3.0,4.0,-0.3522
I,balanced_improvement,CCR,ideal,1.4,1.0,3.0,4.0,-0.3522
I,balanced_improvement,CCR,nadir,1.4,1.0,3.0,4.0,-0.3522
I,cost_led_development,CCR,price,1.4,1.0,3.0,4.0,-0.3522
I,cost_led_development,CCR,late,1.4,1.0,3.0,4.0,-0.3522
I,cost_led_development,CCR,error,1.4,1.0,3.0,4.0,-0.3522
I,cost_led_development,CCR,lead,1.4,1.0,3.0,4.0,-0.3522
I,cost_led_development,CCR,quality,1.4,1.0,3.0,4.0,-0.3522
I,cost_led_development,CCR,ideal,1.4,1.0,3.0,4.0,-0.3522
I,cost_led_development,CCR,nadir,1.4,1.0,3.0,4.0,-0.3522
I,delivery_reliability_led,CCR,price,1.4,1.0,3.0,4.0,-0.3522
I,delivery_reliability_led,CCR,late,1.4,1.0,3.0,4.0,-0.3522
I,delivery_reliability_led,CCR,error,1.4,1.0,3.0,4.0,-0.3522
I,delivery_reliability_led,CCR,lead,1.4,1.0,3.0,4.0,-0.3522
I,delivery_reliability_led,CCR,quality,1.4,1.0,3.0,4.0,-0.3522
I,delivery_reliability_led,CCR,ideal,1.4,1.0,3.0,4.0,-0.3522
I,delivery_reliability_led,CCR,nadir,1.4,1.0,3.0,4.0,-0.3522
I,product_quality_led,CCR,price,1.4,1.0,3.0,4.0,-0.3522
I,product_quality_led,CCR,late,1.4,1.0,3.0,4.0,-0.3522
I,product_quality_led,CCR,error,1.4,1.0,3.0,4.0,-0.3522
I,product_quality_led,CCR,lead,1.4,1.0,3.0,4.0,-0.3522
I,product_quality_led,CCR,quality,1.4,1.0,3.0,4.0,-0.3522
I,product_quality_led,CCR,ideal,1.4,1.0,3.0,4.0,-0.3522
I,product_quality_led,CCR,nadir,1.4,1.0,3.0,4.0,-0.3522
D,balanced_improvement,CCR,price,0.9472896468144045,3.1467711218836567,3.0,2.7414733379501386,-0.4216
D,balanced_improvement,CCR,late,2.01,1.1831134072549887,3.0,3.8281452218041876,-0.4216
D,balanced_improvement,CCR,error,2.0099999999999993,2.0725249270966324,2.0953227598458817,2.0953227598458817,-0.4216
D,balanced_improvement,CCR,lead,2.0099999999999993,2.0725249270966324,2.0953227598458817,2.0953227598458817,-0.4216
D,balanced_improvement,CCR,quality,2.01,3.345149253731343,3.0,3.0,-0.5397889925373134
D,balanced_improvement,CCR,ideal,0.9472896468144045,1.1831134072549887,2.0953227598458817,2.0953227598458817,-0.5397889925373134
D,balanced_improvement,CCR,nadir,2.01,3.345149253731343,3.0,3.8281452218041876,-0.4216
D,cost_led_development,CCR,price,0.9472896468144045,3.1467711218836567,3.0,2.7414733379501386,-0.4216
D,cost_led_development,CCR,late,2.01,1.1831134072549887,3.0,3.8281452218041876,-0.4216
D,cost_led_development,CCR,error,2.0099999999999993,2.0725249270966324,2.0953227598458817,2.0953227598458817,-0.4216
D,cost_led_development,CCR,lead,2.0099999999999993,2.0725249270966324,2.0953227598458817,2.0953227598458817,-0.4216
D,cost_led_development,CCR,quality,2.01,3.345149253731343,3.0,3.0,-0.5397889925373134
D,cost_led_development,CCR,ideal,0.9472896468144045,1.1831134072549887,2.0953227598458817,2.0953227598458817,-0.5397889925373134
D,cost_led_development,CCR,nadir,2.01,3.345149253731343,3.0,3.8281452218041876,-0.4216
D,delivery_reliability_led,CCR,price,0.9472896468144045,3.1467711218836567,3.0,2.7414733379501386,-0.4216
D,delivery_reliability_led,CCR,late,2.01,1.1831134072549887,3.0,3.8281452218041876,-0.4216
D,delivery_reliability_led,CCR,error,2.0099999999999993,2.0725249270966324,2.0953227598458817,2.0953227598458817,-0.4216
D,delivery_reliability_led,CCR,lead,2.0099999999999993,2.0725249270966324,2.0953227598458817,2.0953227598458817,-0.4216
D,delivery_reliability_led,CCR,quality,2.01,3.345149253731343,3.0,3.0,-0.5397889925373134
D,delivery_reliability_led,CCR,ideal,0.9472896468144045,1.1831134072549887,2.0953227598458817,2.0953227598458817,-0.5397889925373134
D,delivery_reliability_led,CCR,nadir,2.01,3.345149253731343,3.0,3.8281452218041876,-0.4216
D,product_quality_led,CCR,price,0.9472896468144045,3.1467711218836567,3.0,2.7414733379501386,-0.4216
D,product_quality_led,CCR,late,2.01,1.1831134072549887,3.0,3.8281452218041876,-0.4216
D,product_quality_led,CCR,error,2.0099999999999993,2.0725249270966324,2.0953227598458817,2.0953227598458817,-0.4216
D,product_quality_led,CCR,lead,2.0099999999999993,2.0725249270966324,2.0953227598458817,2.0953227598458817,-0.4216
D,product_quality_led,CCR,quality,2.01,3.345149253731343,3.0,3.0,-0.5397889925373134
D,product_quality_led,CCR,ideal,0.9472896468144045,1.1831134072549887,2.0953227598458817,2.0953227598458817,-0.5397889925373134
D,product_quality_led,CCR,nadir,2.01,3.345149253731343,3.0,3.8281452218041876,-0.4216
E,balanced_improvement,CCR,price,1.0428506213542994,2.3594555752810886,2.0,2.0,-0.338
E,balanced_improvement,CCR,late,2.2471646460696126,0.881241037674358,1.321861556511537,1.321861556511537,-0.338
E,balanced_improvement,CCR,error,2.2471646460696126,0.881241037674358,1.321861556511537,1.321861556511537,-0.338
E,balanced_improvement,CCR,lead,2.2471646460696126,0.881241037674358,1.321861556511537,1.321861556511537,-0.338
E,balanced_improvement,CCR,quality,3.3999999999999995,1.3333333333333333,2.0,2.0,-0.5114
E,balanced_improvement,CCR,ideal,1.0428506213542994,0.881241037674358,1.321861556511537,1.321861556511537,-0.5114
E,balanced_improvement,CCR,nadir,3.3999999999999995,2.3594555752810886,2.0,2.0,-0.338
E,cost_led_development,CCR,price,1.0428506213542994,2.3594555752810886,2.0,2.0,-0.338
E,cost_led_development,CCR,late,2.2471646460696126,0.881241037674358,1.321861556511537,1.321861556511537,-0.338
E,cost_led_development,CCR,error,2.2471646460696126,0.881241037674358,1.321861556511537,1.321861556511537,-0.338
E,cost_led_development,CCR,lead,2.2471646460696126,0.881241037674358,1.321861556511537,1.321861556511537,-0.338
E,cost_led_development,CCR,quality,3.3999999999999995,1.3333333333333333,2.0,2.0,-0.5114
E,cost_led_development,CCR,ideal,1.0428506213542994,0.881241037674358,1.321861556511537,1.321861556511537,-0.5114
E,cost_led_development,CCR,nadir,3.3999999999999995,2.3594555752810886,2.0,2.0,-0.338
E,delivery_reliability_led,CCR,price,1.0428506213542994,2.3594555752810886,2.0,2.0,-0.338
E,delivery_reliability_led,CCR,late,2.2471646460696126,0.881241037674358,1.321861556511537,1.321861556511537,-0.338
E,delivery_reliability_led,CCR,error,2.2471646460696126,0.881241037674358,1.321861556511537,1.321861556511537,-0.338
E,delivery_reliability_led,CCR,lead,2.2471646460696126,0.881241037674358,1.321861556511537,1.321861556511537,-0.338
E,delivery_reliability_led,CCR,quality,3.3999999999999995,1.3333333333333333,2.0,2.0,-0.5114
E,delivery_reliability_led,CCR,ideal,1.0428506213542994,0.881241037674358,1.321861556511537,1.321861556511537,-0.5114
E,delivery_reliability_led,CCR,nadir,3.3999999999999995,2.3594555752810886,2.0,2.0,-0.338
E,product_quality_led,CCR,price,1.0428506213542994,2.3594555752810886,2.0,2.0,-0.338
E,product_quality_led,CCR,late,2.2471646460696126,0.881241037674358,1.321861556511537,1.321861556511537,-0.338
E,product_quality_led,CCR,error,2.2471646460696126,0.881241037674358,1.321861556511537,1.321861556511537,-0.338
E,product_quality_led,CCR,lead,2.2471646460696126,0.881241037674358,1.321861556511537,1.321861556511537,-0.338
E,product_quality_led,CCR,quality,3.3999999999999995,1.3333333333333333,2.0,2.0,-0.5114
E,product_quality_led,CCR,ideal,1.0428506213542994,0.881241037674358,1.321861556511537,1.321861556511537,-0.5114
E,product_quality_led,CCR,nadir,3.3999999999999995,2.3594555752810886,2.0,2.0,-0.338
C,balanced_improvement,CCR,price,0.8597380041212835,1.9247865763909333,5.132764203709155,3.207977627318222,-0.4359
C,balanced_improvement,CCR,late,2.13,1.2031608240571523,3.0282978900149526,3.844002325967769,-0.4359
C,balanced_improvement,CCR,error,2.13,2.079211186989641,2.137211135578843,2.137211135578843,-0.43590000000000007
C,balanced_improvement,CCR,lead,2.13,2.079211186989641,2.137211135578843,2.137211135578843,-0.43590000000000007
C,balanced_improvement,CCR,quality,2.13,4.699626865671642,4.0,4.0,-0.6792587686567164
C,balanced_improvement,CCR,ideal,0.8597380041212835,1.2031608240571523,2.137211135578843,2.137211135578843,-0.6792587686567164
C,balanced_improvement,CCR,nadir,2.13,4.699626865671642,5.132764203709155,4.0,-0.4359
C,cost_led_development,CCR,price,0.8597380041212835,1.9247865763909333,5.132764203709155,3.207977627318222,-0.4359
C,cost_led_development,CCR,late,2.13,1.2031608240571523,3.0282978900149526,3.844002325967769,-0.4359
C,cost_led_development,CCR,error,2.13,2.079211186989641,2.137211135578843,2.137211135578843,-0.43590000000000007
C,cost_led_development,CCR,lead,2.13,2.079211186989641,2.137211135578843,2.137211135578843,-0.43590000000000007
C,cost_led_development,CCR,quality,2.13,4.699626865671642,4.0,4.0,-0.6792587686567164
C,cost_led_development,CCR,ideal,0.8597380041212835,1.2031608240571523,2.137211135578843,2.137211135578843,-0.6792587686567164
C,cost_led_development,CCR,nadir,2.13,4.699626865671642,5.132764203709155,4.0,-0.4359
C,delivery_reliability_led,CCR,price,0.8597380041212835,1.9247865763909333,5.132764203709155,3.207977627318222,-0.4359
C,delivery_reliability_led,CCR,late,2.13,1.2031608240571523,3.0282978900149526,3.844002325967769,-0.4359
C,delivery_reliability_led,CCR,error,2.13,2.079211186989641,2.137211135578843,2.137211135578843,-0.43590000000000007
C,delivery_reliability_led,CCR,lead,2.13,2.079211186989641,2.137211135578843,2.137211135578843,-0.43590000000000007
C,delivery_reliability_led,CCR,quality,2.13,4.699626865671642,4.0,4.0,-0.6792587686567164
C,delivery_reliability_led,CCR,ideal,0.8597380041212835,1.2031608240571523,2.137211135578843,2.137211135578843,-0.6792587686567164
C,delivery_reliability_led,CCR,nadir,2.13,4.699626865671642,5.132764203709155,4.0,-0.4359
C,product_quality_led,CCR,price,0.8597380041212835,1.9247865763909333,5.132764203709155,3.207977627318222,-0.4359
C,product_quality_led,CCR,late,2.13,1.2031608240571523,3.0282978900149526,3.844002325967769,-0.4359
C,product_quality_led,CCR,error,2.13,2.079211186989641,2.137211135578843,2.137211135578843,-0.43590000000000007
C,product_quality_led,CCR,lead,2.13,2.079211186989641,2.137211135578843,2.137211135578843,-0.43590000000000007
C,product_quality_led,CCR,quality,2.13,4.699626865671642,4.0,4.0,-0.6792587686567164
C,product_quality_led,CCR,ideal,0.8597380041212835,1.2031608240571523,2.137211135578843,2.137211135578843,-0.6792587686567164
C,product_quality_led,CCR,nadir,2.13,4.699626865671642,5.132764203709155,4.0,-0.4359
K,balanced_improvement,CCR,price,0.5406933864265928,1.2986063019390583,3.0,1.9494027008310248,-0.2691
K,balanced_improvement,CCR,late,1.33,0.7414562219637815,1.8435495929556405,2.331126432962286,-0.2691
K,balanced_improvement,CCR,error,1.33,1.2651040640235804,1.3109139411803348,1.3109139411803348,-0.2691
K,balanced_improvement,CCR,lead,1.33,1.2651040640235804,1.3109139411803348,1.3109139411803348,-0.2691
K,balanced_improvement,CCR,quality,1.33,3.0,2.9999999999999996,3.2455931395902806,-0.4547159599809433
K,balanced_improvement,CCR,ideal,0.5406933864265928,0.7414562219637815,1.3109139411803348,1.3109139411803348,-0.4547159599809433
K,balanced_improvement,CCR,nadir,1.33,3.0,3.0,3.2455931395902806,-0.2691
K,cost_led_development,CCR,price,0.5406933864265928,1.2986063019390583,3.0,1.9494027008310248,-0.2691
K,cost_led_development,CCR,late,1.33,0.7414562219637815,1.8435495929556405,2.331126432962286,-0.2691
K,cost_led_development,CCR,error,1.33,1.2651040640235804,1.3109139411803348,1.3109139411803348,-0.2691
K,cost_led_development,CCR,lead,1.33,1.2651040640235804,1.3109139411803348,1.3109139411803348,-0.2691
K,cost_led_development,CCR,quality,1.33,3.0,2.9999999999999996,3.2455931395902806,-0.4547159599809433
K,cost_led_development,CCR,ideal,0.5406933864265928,0.7414562219637815,1.3109139411803348,1.3109139411803348,-0.4547159599809433
K,cost_led_development,CCR,nadir,1.33,3.0,3.0,3.2455931395902806,-0.2691
K,delivery_reliability_led,CCR,price,0.5406933864265928,1.2986063019390583,3.0,1.9494027008310248,-0.2691
K,delivery_reliability_led,CCR,late,1.33,0.7414562219637815,1.8435495929556405,2.331126432962286,-0.2691
K,delivery_reliability_led,CCR,error,1.33,1.2651040640235804,1.3109139411803348,1.3109139411803348,-0.2691
K,delivery_reliability_led,CCR,lead,1.33,1.2651040640235804,1.3109139411803348,1.3109139411803348,-0.2691
K,delivery_reliability_led,CCR,quality,1.33,3.0,2.9999999999999996,3.2455931395902806,-0.4547159599809433
K,delivery_reliability_led,CCR,ideal,0.5406933864265928,0.7414562219637815,1.3109139411803348,1.3109139411803348,-0.4547159599809433
K,delivery_reliability_led,CCR,nadir,1.33,3.0,3.0,3.2455931395902806,-0.2691
K,product_quality_led,CCR,price,0.5406933864265928,1.2986063019390583,3.0,1.9494027008310248,-0.2691
K,product_quality_led,CCR,late,1.33,0.7414562219637815,1.8435495929556405,2.331126432962286,-0.2691
K,product_quality_led,CCR,error,1.33,1.2651040640235804,1.3109139411803348,1.3109139411803348,-0.2691
K,product_quality_led,CCR,lead,1.33,1.2651040640235804,1.3109139411803348,1.3109139411803348,-0.2691
K,product_quality_led,CCR,quality,1.33,3.0,2.9999999999999996,3.2455931395902806,-0.4547159599809433
K,product_quality_led,CCR,ideal,0.5406933864265928,0.7414562219637815,1.3109139411803348,1.3109139411803348,-0.4547159599809433
K,product_quality_led,CCR,nadir,1.33,3.0,3.0,3.2455931395902806,-0.2691
J,balanced_improvement,CCR,price,0.7296921981770428,2.1207509404947644,3.0956116619787606,2.346141531845038,-0.3421
J,balanced_improvement,CCR,late,1.5,0.9591571135847593,2.672453895996012,3.494932713075261,-0.3421
J,balanced_improvement,CCR,error,1.5,1.8424830272962773,1.7739667143644624,1.7739667143644624,-0.34209999999999996
J,balanced_improvement,CCR,lead,1.5,1.8424830272962773,1.7739667143644624,1.7739667143644624,-0.34209999999999996
J,balanced_improvement,CCR,quality,1.5,4.973880597014926,4.000000000000001,4.000000000000001,-0.6329138059701493
J,balanced_improvement,CCR,ideal,0.7296921981770428,0.9591571135847593,1.7739667143644624,1.7739667143644624,-0.6329138059701493
J,balanced_improvement,CCR,nadir,1.5,4.973880597014926,4.000000000000001,4.000000000000001,-0.34209999999999996
J,cost_led_development,CCR,price,0.7296921981770428,2.1207509404947644,3.0956116619787606,2.346141531845038,-0.3421
J,cost_led_development,CCR,late,1.5,0.9591571135847593,2.672453895996012,3.494932713075261,-0.3421
J,cost_led_development,CCR,error,1.5,1.8424830272962773,1.7739667143644624,1.7739667143644624,-0.34209999999999996
J,cost_led_development,CCR,lead,1.5,1.8424830272962773,1.7739667143644624,1.7739667143644624,-0.34209999999999996
J,cost_led_development,CCR,quality,1.5,4.973880597014926,4.000000000000001,4.000000000000001,-0.6329138059701493
J,cost_led_development,CCR,ideal,0.7296921981770428,0.9591571135847593,1.7739667143644624,1.7739667143644624,-0.6329138059701493
J,cost_led_development,CCR,nadir,1.5,4.973880597014926,4.000000000000001,4.000000000000001,-0.34209999999999996
J,delivery_reliability_led,CCR,price,0.7296921981770428,2.1207509404947644,3.0956116619787606,2.346141531845038,-0.3421
J,delivery_reliability_led,CCR,late,1.5,0.9591571135847593,2.672453895996012,3.494932713075261,-0.3421
J,delivery_reliability_led,CCR,error,1.5,1.8424830272962773,1.7739667143644624,1.7739667143644624,-0.34209999999999996
J,delivery_reliability_led,CCR,lead,1.5,1.8424830272962773,1.7739667143644624,1.7739667143644624,-0.34209999999999996
J,delivery_reliability_led,CCR,quality,1.5,4.973880597014926,4.000000000000001,4.000000000000001,-0.6329138059701493
J,delivery_reliability_led,CCR,ideal,0.7296921981770428,0.9591571135847593,1.7739667143644624,1.7739667143644624,-0.6329138059701493
J,delivery_reliability_led,CCR,nadir,1.5,4.973880597014926,4.000000000000001,4.000000000000001,-0.34209999999999996
J,product_quality_led,CCR,price,0.7296921981770428,2.1207509404947644,3.0956116619787606,2.346141531845038,-0.3421
J,product_quality_led,CCR,late,1.5,0.9591571135847593,2.672453895996012,3.494932713075261,-0.3421
J,product_quality_led,CCR,error,1.5,1.8424830272962773,1.7739667143644624,1.7739667143644624,-0.34209999999999996
J,product_quality_led,CCR,lead,1.5,1.8424830272962773,1.7739667143644624,1.7739667143644624,-0.34209999999999996
J,product_quality_led,CCR,quality,1.5,4.973880597014926,4.000000000000001,4.000000000000001,-0.6329138059701493
J,product_quality_led,CCR,ideal,0.7296921981770428,0.9591571135847593,1.7739667143644624,1.7739667143644624,-0.6329138059701493
J,product_quality_led,CCR,nadir,1.5,4.973880597014926,4.000000000000001,4.000000000000001,-0.34209999999999996
F,balanced_improvement,CCR,price,0.7759140418015896,1.7371209891080364,4.632322637621431,2.8952016485133942,-0.39339999999999997
F,balanced_improvement,CCR,late,2.615486898709425,1.0256811367487941,1.5385217051231912,1.5385217051231912,-0.39339999999999997
F,balanced_improvement,CCR,error,2.615486898709425,1.0256811367487941,1.5385217051231912,1.5385217051231912,-0.39339999999999997
F,balanced_improvement,CCR,lead,2.615486898709425,1.0256811367487941,1.5385217051231912,1.5385217051231912,-0.39339999999999997
F,balanced_improvement,CCR,quality,2.9799999999999995,4.0,4.2865897620764235,4.0,-0.7348726748377794
F,balanced_improvement,CCR,ideal,0.7759140418015896,1.0256811367487941,1.5385217051231912,1.5385217051231912,-0.7348726748377794
F,balanced_improvement,CCR,nadir,2.9799999999999995,4.0,4.632322637621431,4.0,-0.39339999999999997
F,cost_led_development,CCR,price,0.7759140418015896,1.7371209891080364,4.632322637621431,2.8952016485133942,-0.39339999999999997
F,cost_led_development,CCR,late,2.615486898709425,1.0256811367487941,1.5385217051231912,1.5385217051231912,-0.39339999999999997
F,cost_led_development,CCR,error,2.615486898709425,1.0256811367487941,1.5385217051231912,1.5385217051231912,-0.39339999999999997
F,cost_led_development,CCR,lead,2.615486898709425,1.0256811367487941,1.5385217051231912,1.5385217051231912,-0.39339999999999997
F,cost_led_development,CCR,quality,2.9799999999999995,4.0,4.2865897620764235,4.0,-0.7348726748377794
F,cost_led_development,CCR,ideal,0.7759140418015896,1.0256811367487941,1.5385217051231912,1.5385217051231912,-0.7348726748377794
F,cost_led_development,CCR,nadir,2.9799999999999995,4.0,4.632322637621431,4.0,-0.39339999999999997
F,delivery_reliability_led,CCR,price,0.7759140418015896,1.7371209891080364,4.632322637621431,2.8952016485133942,-0.39339999999999997
F,delivery_reliability_led,CCR,late,2.615486898709425,1.0256811367487941,1.5385217051231912,1.5385217051231912,-0.39339999999999997
F,delivery_reliability_led,CCR,error,2.615486898709425,1.0256811367487941,1.5385217051231912,1.5385217051231912,-0.39339999999999997
F,delivery_reliability_led,CCR,lead,2.615486898709425,1.0256811367487941,1.5385217051231912,1.5385217051231912,-0.39339999999999997
F,delivery_reliability_led,CCR,quality,2.9799999999999995,4.0,4.2865897620764235,4.0,-0.7348726748377794
F,delivery_reliability_led,CCR,ideal,0.7759140418015896,1.0256811367487941,1.5385217051231912,1.5385217051231912,-0.7348726748377794
F,delivery_reliability_led,CCR,nadir,2.9799999999999995,4.0,4.632322637621431,4.0,-0.39339999999999997
F,product_quality_led,CCR,price,0.7759140418015896,1.7371209891080364,4.632322637621431,2.8952016485133942,-0.39339999999999997
F,product_quality_led,CCR,late,2.615486898709425,1.0256811367487941,1.5385217051231912,1.5385217051231912,-0.39339999999999997
F,product_quality_led,CCR,error,2.615486898709425,1.0256811367487941,1.5385217051231912,1.5385217051231912,-0.39339999999999997
F,product_quality_led,CCR,lead,2.615486898709425,1.0256811367487941,1.5385217051231912,1.5385217051231912,-0.39339999999999997
F,product_quality_led,CCR,quality,2.9799999999999995,4.0,4.2865897620764235,4.0,-0.7348726748377794
F,product_quality_led,CCR,ideal,0.7759140418015896,1.0256811367487941,1.5385217051231912,1.5385217051231912,-0.7348726748377794
F,product_quality_led,CCR,nadir,2.9799999999999995,4.0,4.632322637621431,4.0,-0.39339999999999997
L,balanced_improvement,CCR,price,0.928205821861716,2.6621942601617645,4.029683348542679,3.011864809035571,-0.4372
L,balanced_improvement,CCR,late,1.94,1.223794096472282,3.3757019438444913,4.4023758099352035,-0.4371999999999999
L,balanced_improvement,CCR,error,1.94,2.326421437160296,2.254149279820405,2.254149279820405,-0.4371999999999999
L,balanced_improvement,CCR,lead,1.94,2.326421437160296,2.254149279820405,2.254149279820405,-0.4371999999999999
L,balanced_improvement,CCR,quality,1.94,6.5,6.0,5.571428571428571,-0.8602357142857142
L,balanced_improvement,CCR,ideal,0.928205821861716,1.223794096472282,2.254149279820405,2.254149279820405,-0.8602357142857142
L,balanced_improvement,CCR,nadir,1.94,6.5,6.0,5.571428571428571,-0.4371999999999999
L,cost_led_development,CCR,price,0.928205821861716,2.6621942601617645,4.029683348542679,3.011864809035571,-0.4372
L,cost_led_development,CCR,late,1.94,1.223794096472282,3.3757019438444913,4.4023758099352035,-0.4371999999999999
L,cost_led_development,CCR,error,1.94,2.326421437160296,2.254149279820405,2.254149279820405,-0.4371999999999999
L,cost_led_development,CCR,lead,1.94,2.326421437160296,2.254149279820405,2.254149279820405,-0.4371999999999999
L,cost_led_development,CCR,quality,1.94,6.5,6.0,5.571428571428571,-0.8602357142857142
L,cost_led_development,CCR,ideal,0.928205821861716,1.223794096472282,2.254149279820405,2.254149279820405,-0.8602357142857142
L,cost_led_development,CCR,nadir,1.94,6.5,6.0,5.571428571428571,-0.4371999999999999
L,delivery_reliability_led,CCR,price,0.928205821861716,2.6621942601617645,4.029683348542679,3.011864809035571,-0.4372
L,delivery_reliability_led,CCR,late,1.94,1.223794096472282,3.3757019438444913,4.4023758099352035,-0.4371999999999999
L,delivery_reliability_led,CCR,error,1.94,2.326421437160296,2.254149279820405,2.254149279820405,-0.4371999999999999
L,delivery_reliability_led,CCR,lead,1.94,2.326421437160296,2.254149279820405,2.254149279820405,-0.4371999999999999
L,delivery_reliability_led,CCR,quality,1.94,6.5,6.0,5.571428571428571,-0.8602357142857142
L,delivery_reliability_led,CCR,ideal,0.928205821861716,1.223794096472282,2.254149279820405,2.254149279820405,-0.8602357142857142
L,delivery_reliability_led,CCR,nadir,1.94,6.5,6.0,5.571428571428571,-0.4371999999999999
L,product_quality_led,CCR,price,0.928205821861716,2.6621942601617645,4.029683348542679,3.011864809035571,-0.4372
L,product_quality_led,CCR,late,1.94,1.223794096472282,3.3757019438444913,4.4023758099352035,-0.4371999999999999
L,product_quality_led,CCR,error,1.94,2.326421437160296,2.254149279820405,2.254149279820405,-0.4371999999999999
L,product_quality_led,CCR,lead,1.94,2.326421437160296,2.254149279820405,2.254149279820405,-0.4371999999999999
L,product_quality_led,CCR,quality,1.94,6.5,6.0,5.571428571428571,-0.8602357142857142
L,product_quality_led,CCR,ideal,0.928205821861716,1.223794096472282,2.254149279820405,2.254149279820405,-0.8602357142857142
L,product_quality_led,CCR,nadir,1.94,6.5,6.0,5.571428571428571,-0.4371999999999999
